{"cameraMode":{"drawMode":0,"name":"Shaded","section":"Shading Mode"},"sceneLighting":true,"audioPlay":false,"sceneViewState":{"showFog":true,"showMaterialUpdate":true,"showSkybox":true,"showFlares":true,"showImageEffects":true,"showParticleSystems":true},"in2DMode":false,"pivot":{"x":306.0278625488281,"y":4.5531511306762699,"z":329.82135009765627},"rotation":{"x":0.044223353266716,"y":-0.06409645080566406,"z":0.0028049349784851076,"w":0.9969594478607178},"size":64.50238800048828,"orthographic":true}